model,reference,ba_model,ba_reference,diff,ci_low,ci_high,n_sessions
rf|ur,unitrefine,0.7937,0.795,-0.0014,-0.0121,0.0085,16
et|ur,unitrefine,0.7602,0.795,-0.0349,-0.0514,-0.0164,16
hgb|ur,unitrefine,0.7949,0.795,-0.0002,-0.0139,0.0132,16
lr|ur,unitrefine,0.7544,0.795,-0.0406,-0.0677,-0.0184,16
weighted_avg|ur,unitrefine,0.7976,0.795,0.0025,-0.0117,0.0156,16
rf|ur+spike_summary,unitrefine,0.7939,0.795,-0.0011,-0.0166,0.0118,16
et|ur+spike_summary,unitrefine,0.7723,0.795,-0.0228,-0.0487,-0.0003,16
hgb|ur+spike_summary,unitrefine,0.7912,0.795,-0.0038,-0.0287,0.0177,16
lr|ur+spike_summary,unitrefine,0.7618,0.795,-0.0333,-0.0711,-0.0026,16
weighted_avg|ur+spike_summary,unitrefine,0.7957,0.795,0.0007,-0.0263,0.0225,16
rf|ur+spike,unitrefine,0.8015,0.795,0.0064,-0.0131,0.0254,16
et|ur+spike,unitrefine,0.7662,0.795,-0.0288,-0.052,-0.0012,16
hgb|ur+spike,unitrefine,0.8202,0.795,0.0251,0.0081,0.0423,16
lr|ur+spike,unitrefine,0.7778,0.795,-0.0172,-0.0458,0.0086,16
weighted_avg|ur+spike,unitrefine,0.8164,0.795,0.0213,0.0005,0.0411,16
precise,unitrefine,0.8202,0.795,0.0251,0.0081,0.0423,16
precise,hgb|ur,0.8202,0.7949,0.0253,0.0122,0.0385,16
weighted_avg|ur+spike,precise,0.8164,0.8202,-0.0038,-0.0121,0.0023,16
weighted_avg|ur+spike,hgb|ur,0.8164,0.7949,0.0215,0.004,0.0374,16
light,unitrefine,0.8022,0.795,0.0072,-0.0152,0.0273,16
light,precise,0.8022,0.8202,-0.0179,-0.0322,-0.004,16
light,hgb|ur,0.8022,0.7949,0.0074,-0.013,0.0279,16
hgb|ur+spike_summary,precise,0.7912,0.8202,-0.029,-0.0444,-0.0152,16
hgb|ur+spike_summary,hgb|ur,0.7912,0.7949,-0.0037,-0.0233,0.0114,16
selected_in_training,precise,0.816,0.8202,-0.0042,-0.0118,-0.0001,16
selected_in_training,unitrefine,0.816,0.795,0.021,0.001,0.04,16
unitrefine_37_metrics,unitrefine_26_metrics,0.791,0.783,0.008,-0.0,0.017,11
