item,measure,value,n_clusters
amplitude_median,spearman,0.742,208
firing_range,spearman,1.0,208
firing_rate,spearman,1.0,208
isi_violations_ratio,spearman,1.0,208
isi_violations_count,spearman,1.0,208
num_spikes,spearman,1.0,208
presence_ratio,spearman,1.0,208
rp_contamination,spearman,1.0,208
rp_violations,spearman,1.0,208
snr,spearman,0.577,208
sync_spike_2,spearman,1.0,208
sync_spike_4,spearman,1.0,208
sync_spike_8,spearman,,208
d_prime,spearman,0.992,207
isolation_distance,spearman,0.968,207
l_ratio,spearman,0.965,200
silhouette,spearman,0.907,207
nn_hit_rate,spearman,0.928,207
nn_miss_rate,spearman,0.973,207
exp_decay,spearman,0.997,190
half_width,spearman,0.909,208
num_positive_peaks,spearman,0.535,208
peak_to_valley,spearman,0.816,208
recovery_slope,spearman,0.886,208
repolarization_slope,spearman,0.933,207
spread,spearman,0.751,208
template_raw_vs_kilosort,pearson_median,0.989,463
template_allen_approx_vs_raw,pearson_median,0.998,208
