session,recording,rf,et,hgb,lr
u1,mouse5_imec1,0.1397,0.0,0.6362,0.2241
u2,mouse2b_imec0,0.1839,0.0,0.7101,0.106
u3,mouse3c_imec0,0.1952,0.0,0.6244,0.1804
u4,mouse3a_imec0,0.2163,0.0,0.5553,0.2284
u5,mouse4_imec1,0.3137,0.0,0.6519,0.0344
u6,mouse2a_imec0,0.1457,0.0,0.6743,0.18
u7,mouse4_imec0,0.0375,0.0,0.78,0.1824
u8,mouse1a_imec0,0.1985,0.0,0.7059,0.0956
u9,mouse5_imec0,0.164,0.0,0.6986,0.1374
u10,mouse1b_imec0,0.174,0.0,0.7703,0.0557
u11,mouse3b_imec0,0.1888,0.0,0.6155,0.1957
a1,743916_2024-09-12_17-14-32,0.1922,0.0,0.5729,0.2349
a2,733124_2024-07-08_15-45-59,0.1694,0.0,0.634,0.1966
a3,743917_2024-09-30_15-47-13,0.1245,0.0,0.687,0.1885
a4,733124_2024-07-11_16-15-31,0.1357,0.0,0.6631,0.2012
s1,stein_hopkins,0.0326,0.0,0.8125,0.155
